201,PENELOPE,GUINESS,2006-02-15 04:34:33.000000
202,NICK,WAHLBERG,2006-02-15 04:34:33.000000
203,ED,CHASE,2006-02-15 04:34:33.000000
204,JENNIFER,DAVIS,2006-02-15 04:34:33.000000
205,JOHNNY,LOLLOBRIGIDA,2006-02-15 04:34:33.000000
206,BETTE,"Smith
Smith
Smith",2025-10-30 09:38:21.947763
207,GRACE,MOSTEL,2006-02-15 04:34:33.000000
208,MATTHEW,JOHANSSON,2006-02-15 04:34:33.000000
209,JODIE,SWANK,2025-10-30 09:24:21.967019
210,CHRISTIAN,GABLE,2006-02-15 04:34:33.000000
211,ZERO,CAGE,2006-02-15 04:34:33.000000
212,KARL,BERRY,2006-02-15 04:34:33.000000
213,UMA,WOOD,2006-02-15 04:34:33.000000
214,VIVIEN,BERGEN,2006-02-15 04:34:33.000000
215,CUBA,OLIVIER,2006-02-15 04:34:33.000000
216,FRED,COSTNER,2006-02-15 04:34:33.000000
